--OPIM 5272:BPMDM
--PHASE 3 REPORT
--DATABASE DESIGN
--RAVI SHANKAR
--YAXIN JIANG
--ZHICHENG XIE
--RIKDEV BHATTACHARYA

--Employees Table
CREATE TABLE HR_EMPLOYEES
(
  EMPLOYEE_ID VARCHAR2(10) NOT NULL 
, FIRST_NAME VARCHAR2(20) NOT NULL 
, LAST_NAME VARCHAR2(20) NOT NULL 
, DATE_OF_BIRTH DATE 
, HIRE_DATE DATE NOT NULL 
, EMAIL_ID VARCHAR2(20) NOT NULL 
, PHONE_NUMBER NUMBER(10) NOT NULL  
, MANAGER_ID VARCHAR2(10)  
, GENDER VARCHAR2(20) 
, ADDRESS VARCHAR2(50) 
, CONSTRAINT EMPLOYEES_PK PRIMARY KEY 
  (
    EMPLOYEE_ID 
  )
);

SET DEFINE OFF

INSERT INTO HR_EMPLOYEES (EMPLOYEE_ID, FIRST_NAME, LAST_NAME, DATE_OF_BIRTH, HIRE_DATE, EMAIL_ID, PHONE_NUMBER, MANAGER_ID, GENDER, ADDRESS) 
VALUES ('10010001', 'Aaliya', 'Oxford', to_date('71-03-17', 'RRRR-MM-DD'), to_date('89-03-11', 'RRRR-MM-DD'), 'oxford@hotmail.com', 6.313353414E9, '10010018', 'Femal', '6639 N Blue Gum St');

INSERT INTO HR_EMPLOYEES (EMPLOYEE_ID, FIRST_NAME, LAST_NAME, DATE_OF_BIRTH, HIRE_DATE, EMAIL_ID, PHONE_NUMBER, MANAGER_ID, GENDER, ADDRESS) 
VALUES ('10010002', 'Warl', 'Cast', to_date('73-06-12', 'RRRR-MM-DD'), to_date('97-10-13', 'RRRR-MM-DD'), 'cast@gmail.com', 3.104985651E9, '10010003', 'Male', '4 B Blue Ridge Blvd');

INSERT INTO HR_EMPLOYEES (EMPLOYEE_ID, FIRST_NAME, LAST_NAME, DATE_OF_BIRTH, HIRE_DATE, EMAIL_ID, PHONE_NUMBER, MANAGER_ID, GENDER, ADDRESS) 
VALUES ('10010003', 'Edwin', 'Trump', to_date('71-03-29', 'RRRR-MM-DD'), to_date('89-03-12', 'RRRR-MM-DD'), 'trump@163.com', 4.407808425E9, 'null', 'Male', '8 W Cerritos Ave #54');

INSERT INTO HR_EMPLOYEES (EMPLOYEE_ID, FIRST_NAME, LAST_NAME, DATE_OF_BIRTH, HIRE_DATE, EMAIL_ID, PHONE_NUMBER, MANAGER_ID, GENDER, ADDRESS) 
VALUES ('10010004', 'Royee', 'Williams', to_date('73-06-12', 'RRRR-MM-DD'), to_date('97-10-14', 'RRRR-MM-DD'), 'williams@qq.com', 9.565376195E9, '10010009', 'Male', '639 Main St');

INSERT INTO HR_EMPLOYEES (EMPLOYEE_ID, FIRST_NAME, LAST_NAME, DATE_OF_BIRTH, HIRE_DATE, EMAIL_ID, PHONE_NUMBER, MANAGER_ID, GENDER, ADDRESS) 
VALUES ('10010005', 'Alana', 'Jones', to_date('75-05-31', 'RRRR-MM-DD'), to_date('99-03-13', 'RRRR-MM-DD'), 'jones@163.com', 6.022774385E9, '10010006', 'Male', '34 Center St');

INSERT INTO HR_EMPLOYEES (EMPLOYEE_ID, FIRST_NAME, LAST_NAME, DATE_OF_BIRTH, HIRE_DATE, EMAIL_ID, PHONE_NUMBER, MANAGER_ID, GENDER, ADDRESS) 
VALUES ('10010006', 'Sara', 'Ruggier', to_date('77-05-15', 'RRRR-MM-DD'), to_date('97-10-15', 'RRRR-MM-DD'), 'ruggier@hotmail.com', 9.313139635E9, 'null', 'Femal', '3 Mcauley Dr');

INSERT INTO HR_EMPLOYEES (EMPLOYEE_ID, FIRST_NAME, LAST_NAME, DATE_OF_BIRTH, HIRE_DATE, EMAIL_ID, PHONE_NUMBER, MANAGER_ID, GENDER, ADDRESS) 
VALUES ('10010007', 'Tom', 'Gough', to_date('77-06-10', 'RRRR-MM-DD'), to_date('00-03-14', 'RRRR-MM-DD'), 'gough@qq.com', 4.146619598E9, '10010003', 'Male', '7 Eads St');

INSERT INTO HR_EMPLOYEES (EMPLOYEE_ID, FIRST_NAME, LAST_NAME, DATE_OF_BIRTH, HIRE_DATE, EMAIL_ID, PHONE_NUMBER, MANAGER_ID, GENDER, ADDRESS) 
VALUES ('10010008', 'Alexandre', 'Prendergast', to_date('71-03-18', 'RRRR-MM-DD'), to_date('97-10-16', 'RRRR-MM-DD'), 'alepre@gmail.com', 3.132887937E9, '10010009', 'Femal', '7 W Jackson Blvd');

INSERT INTO HR_EMPLOYEES (EMPLOYEE_ID, FIRST_NAME, LAST_NAME, DATE_OF_BIRTH, HIRE_DATE, EMAIL_ID, PHONE_NUMBER, MANAGER_ID, GENDER, ADDRESS) 
VALUES ('10010009', 'Elijah', 'Farmery', to_date('73-06-13', 'RRRR-MM-DD'), to_date('89-03-15', 'RRRR-MM-DD'), 'farmery@qq.com', 8.158282147E9, 'null', 'Femal', '5 Boston Ave #88');

INSERT INTO HR_EMPLOYEES (EMPLOYEE_ID, FIRST_NAME, LAST_NAME, DATE_OF_BIRTH, HIRE_DATE, EMAIL_ID, PHONE_NUMBER, MANAGER_ID, GENDER, ADDRESS) 
VALUES ('10010010', 'Richard', 'Caplin', to_date('71-03-30', 'RRRR-MM-DD'), to_date('97-10-17', 'RRRR-MM-DD'), 'caplin@163.com', 6.105453615E9, '10010006', 'Femal', '228 Runamuck Pl #2808');

INSERT INTO HR_EMPLOYEES (EMPLOYEE_ID, FIRST_NAME, LAST_NAME, DATE_OF_BIRTH, HIRE_DATE, EMAIL_ID, PHONE_NUMBER, MANAGER_ID, GENDER, ADDRESS) 
VALUES ('10010011', 'Rickey', 'Kckland', to_date('73-06-13', 'RRRR-MM-DD'), to_date('09-03-16', 'RRRR-MM-DD'), 'kckland@189.com', 4.084401785E9, '10010006', 'Male', '2371 Jerrold Ave');

INSERT INTO HR_EMPLOYEES (EMPLOYEE_ID, FIRST_NAME, LAST_NAME, DATE_OF_BIRTH, HIRE_DATE, EMAIL_ID, PHONE_NUMBER, MANAGER_ID, GENDER, ADDRESS) 
VALUES ('10010012', 'Yasmine', 'Benton', to_date('75-05-12', 'RRRR-MM-DD'), to_date('97-10-18', 'RRRR-MM-DD'), 'benton@gmail.com', 6.104922615E9, 'null', 'Male', '37275 St  Rt 17m M');

INSERT INTO HR_EMPLOYEES (EMPLOYEE_ID, FIRST_NAME, LAST_NAME, DATE_OF_BIRTH, HIRE_DATE, EMAIL_ID, PHONE_NUMBER, MANAGER_ID, GENDER, ADDRESS) 
VALUES ('10010013', 'Eloy', 'Kennedy', to_date('77-05-16', 'RRRR-MM-DD'), to_date('09-03-17', 'RRRR-MM-DD'), 'kennedy@163.com', 6.582145566E9, '10010006', 'Male', '25 E 75th St #69');

INSERT INTO HR_EMPLOYEES (EMPLOYEE_ID, FIRST_NAME, LAST_NAME, DATE_OF_BIRTH, HIRE_DATE, EMAIL_ID, PHONE_NUMBER, MANAGER_ID, GENDER, ADDRESS) 
VALUES ('10010014', 'Yasmine', 'Qwym', to_date('77-06-11', 'RRRR-MM-DD'), to_date('97-10-19', 'RRRR-MM-DD'), 'qwym@gg.com', 9.133882079E9, '10010012', 'Femal', '98 Connecticut Ave Nw');

INSERT INTO HR_EMPLOYEES (EMPLOYEE_ID, FIRST_NAME, LAST_NAME, DATE_OF_BIRTH, HIRE_DATE, EMAIL_ID, PHONE_NUMBER, MANAGER_ID, GENDER, ADDRESS) 
VALUES ('10010015', 'Mina', 'Armstrong', to_date('71-03-19', 'RRRR-MM-DD'), to_date('89-03-18', 'RRRR-MM-DD'), 'armstrong@gmail.com', 9.363363951E9, '10010012', 'Femal', '56 E Morehead St');

INSERT INTO HR_EMPLOYEES (EMPLOYEE_ID, FIRST_NAME, LAST_NAME, DATE_OF_BIRTH, HIRE_DATE, EMAIL_ID, PHONE_NUMBER, MANAGER_ID, GENDER, ADDRESS) 
VALUES ('10010016', 'Rene', 'Lively', to_date('73-06-14', 'RRRR-MM-DD'), to_date('97-10-20', 'RRRR-MM-DD'), 'lively@gmail.com', 8.158286764E9, '10010003', 'Femal', '73 State Road 434 E');

INSERT INTO HR_EMPLOYEES (EMPLOYEE_ID, FIRST_NAME, LAST_NAME, DATE_OF_BIRTH, HIRE_DATE, EMAIL_ID, PHONE_NUMBER, MANAGER_ID, GENDER, ADDRESS) 
VALUES ('10010017', 'Wade', 'Brzler', to_date('71-03-31', 'RRRR-MM-DD'), to_date('89-03-19', 'RRRR-MM-DD'), 'brzler@hotmail.com', 3.037241547E9, '10010006', 'Male', '69734 E Carrillo St');

INSERT INTO HR_EMPLOYEES (EMPLOYEE_ID, FIRST_NAME, LAST_NAME, DATE_OF_BIRTH, HIRE_DATE, EMAIL_ID, PHONE_NUMBER, MANAGER_ID, GENDER, ADDRESS) 
VALUES ('10010018', 'Rick', 'Thomson', to_date('73-06-14', 'RRRR-MM-DD'), to_date('07-10-21', 'RRRR-MM-DD'), 'thomson@gmail.com', 9.088754722E9, 'null', 'Male', '322 New Horizon Blvd');

INSERT INTO HR_EMPLOYEES (EMPLOYEE_ID, FIRST_NAME, LAST_NAME, DATE_OF_BIRTH, HIRE_DATE, EMAIL_ID, PHONE_NUMBER, MANAGER_ID, GENDER, ADDRESS) 
VALUES ('10010019', 'Nancy', 'Oliphant', to_date('75-05-14', 'RRRR-MM-DD'), to_date('89-03-20', 'RRRR-MM-DD'), 'oliphant@gmail.com', 9.131451724E9, '10010003', 'Femal', '1 State Route 27');

INSERT INTO HR_EMPLOYEES (EMPLOYEE_ID, FIRST_NAME, LAST_NAME, DATE_OF_BIRTH, HIRE_DATE, EMAIL_ID, PHONE_NUMBER, MANAGER_ID, GENDER, ADDRESS) 
VALUES ('10010020', 'Wesley', 'Olson', to_date('77-05-17', 'RRRR-MM-DD'), to_date('97-10-22', 'RRRR-MM-DD'), 'olson@hotmail.com', 5.128619563E9, '10010003', 'Male', '394 Manchester Blvd');

INSERT INTO HR_EMPLOYEES (EMPLOYEE_ID, FIRST_NAME, LAST_NAME, DATE_OF_BIRTH, HIRE_DATE, EMAIL_ID, PHONE_NUMBER, MANAGER_ID, GENDER, ADDRESS) 
VALUES ('10010021', 'Li', 'Zhao', to_date('77-06-12', 'RRRR-MM-DD'), to_date('02-03-21', 'RRRR-MM-DD'), 'zhao@qq.com', 2.126175063E9, 'null', 'Male', '6 S 33rd St');

INSERT INTO HR_EMPLOYEES (EMPLOYEE_ID, FIRST_NAME, LAST_NAME, DATE_OF_BIRTH, HIRE_DATE, EMAIL_ID, PHONE_NUMBER, MANAGER_ID, GENDER, ADDRESS) 
VALUES ('10010022', 'Whitley', 'Laflamme', to_date('71-03-20', 'RRRR-MM-DD'), to_date('97-10-23', 'RRRR-MM-DD'), 'laflame@hotmail.com', 2.157914519E9, '10010021', 'Male', '6 Greenleaf Ave');

INSERT INTO HR_EMPLOYEES (EMPLOYEE_ID, FIRST_NAME, LAST_NAME, DATE_OF_BIRTH, HIRE_DATE, EMAIL_ID, PHONE_NUMBER, MANAGER_ID, GENDER, ADDRESS) 
VALUES ('10010023', 'Jamison', 'Campus', to_date('73-06-15', 'RRRR-MM-DD'), to_date('09-03-22', 'RRRR-MM-DD'), 'campus@hotmail.com', 2.152551641E9, '10010024', 'Male', '618 W Yakima Ave');

INSERT INTO HR_EMPLOYEES (EMPLOYEE_ID, FIRST_NAME, LAST_NAME, DATE_OF_BIRTH, HIRE_DATE, EMAIL_ID, PHONE_NUMBER, MANAGER_ID, GENDER, ADDRESS) 
VALUES ('10010024', 'Peter', 'Vaughn', to_date('71-03-11', 'RRRR-MM-DD'), to_date('97-10-24', 'RRRR-MM-DD'), 'vaughn@gmail.com', 3.305378472E9, 'null', 'Male', '74 S Westgate St');

INSERT INTO HR_EMPLOYEES (EMPLOYEE_ID, FIRST_NAME, LAST_NAME, DATE_OF_BIRTH, HIRE_DATE, EMAIL_ID, PHONE_NUMBER, MANAGER_ID, GENDER, ADDRESS) 
VALUES ('10010025', 'Miles', 'Archer', to_date('73-06-15', 'RRRR-MM-DD'), to_date('89-03-23', 'RRRR-MM-DD'), 'archer@hotmail.com', 2.152551667E9, '10010012', 'Femal', '3273 State St');

INSERT INTO HR_EMPLOYEES (EMPLOYEE_ID, FIRST_NAME, LAST_NAME, DATE_OF_BIRTH, HIRE_DATE, EMAIL_ID, PHONE_NUMBER, MANAGER_ID, GENDER, ADDRESS) 
VALUES ('10010026', 'Zena', 'Shay', to_date('75-05-11', 'RRRR-MM-DD'), to_date('03-10-25', 'RRRR-MM-DD'), 'shay@qq.com', 3.305375556E9, 'null', 'Femal', '1 Central Ave');

INSERT INTO HR_EMPLOYEES (EMPLOYEE_ID, FIRST_NAME, LAST_NAME, DATE_OF_BIRTH, HIRE_DATE, EMAIL_ID, PHONE_NUMBER, MANAGER_ID, GENDER, ADDRESS) 
VALUES ('10010027', 'Rico', 'Johnson', to_date('77-05-18', 'RRRR-MM-DD'), to_date('11-03-24', 'RRRR-MM-DD'), 'johnson@hotmail.com', 9.096399887E9, '10010026', 'Male', '86 Nw 66th St #8673');

INSERT INTO HR_EMPLOYEES (EMPLOYEE_ID, FIRST_NAME, LAST_NAME, DATE_OF_BIRTH, HIRE_DATE, EMAIL_ID, PHONE_NUMBER, MANAGER_ID, GENDER, ADDRESS) 
VALUES ('10010028', 'Oran', 'Sheffield', to_date('77-06-13', 'RRRR-MM-DD'), to_date('12-10-26', 'RRRR-MM-DD'), 'oran@gmail.com', 6.509335072E9, '10010024', 'Male', '2 Cedar Ave #84');

INSERT INTO HR_EMPLOYEES (EMPLOYEE_ID, FIRST_NAME, LAST_NAME, DATE_OF_BIRTH, HIRE_DATE, EMAIL_ID, PHONE_NUMBER, MANAGER_ID, GENDER, ADDRESS) 
VALUES ('10010029', 'penny', 'Lomax', to_date('71-03-21', 'RRRR-MM-DD'), to_date('14-03-25', 'RRRR-MM-DD'), 'lomax@gmail.com', 2.016721553E9, '10010024', 'Femal', '909 Thorburn Ave');

--Employee Financials

CREATE TABLE HR_EMPLOYEE_FINANCIALS 
(
  SSN VARCHAR2(15) NOT NULL 
, EMPLOYEE_ID VARCHAR2(10) 
, ANNUAL_CTC NUMBER(15) NOT NULL 
, BANK_ACCOUNT_NUMBER VARCHAR2(20) NOT NULL 
, BANK_NAME VARCHAR2(20) NOT NULL 
, CONSTRAINT HR_EMPLOYEE_FINANCIALS_PK PRIMARY KEY 
  (
    SSN 
  ),
CONSTRAINT HR_EMPLOYEE_FINANCIALS_FK1 FOREIGN KEY
(
  EMPLOYEE_ID 
)
REFERENCES HR_EMPLOYEES
(
  EMPLOYEE_ID 
)
);

SET DEFINE OFF

INSERT INTO HR_EMPLOYEE_FINANCIALS (SSN, EMPLOYEE_ID, ANNUAL_CTC, BANK_ACCOUNT_NUMBER, BANK_NAME) 
VALUES ('1012013011', '10010001', 55000.0, '400827384827', 'Chase');

INSERT INTO HR_EMPLOYEE_FINANCIALS (SSN, EMPLOYEE_ID, ANNUAL_CTC, BANK_ACCOUNT_NUMBER, BANK_NAME) 
VALUES ('2013014012', '10010002', 55000.0, '400920498372', 'Chase');

INSERT INTO HR_EMPLOYEE_FINANCIALS (SSN, EMPLOYEE_ID, ANNUAL_CTC, BANK_ACCOUNT_NUMBER, BANK_NAME) 
VALUES ('3014015014', '10010003', 55000.0, '401013611917', 'Wells Fargo');

INSERT INTO HR_EMPLOYEE_FINANCIALS (SSN, EMPLOYEE_ID, ANNUAL_CTC, BANK_ACCOUNT_NUMBER, BANK_NAME) 
VALUES ('4015016012', '10010004', 55000.0, '401106725462', 'Chase');

INSERT INTO HR_EMPLOYEE_FINANCIALS (SSN, EMPLOYEE_ID, ANNUAL_CTC, BANK_ACCOUNT_NUMBER, BANK_NAME) 
VALUES ('5016017021', '10010005', 44000.0, '401199839007', 'Wells Fargo');

INSERT INTO HR_EMPLOYEE_FINANCIALS (SSN, EMPLOYEE_ID, ANNUAL_CTC, BANK_ACCOUNT_NUMBER, BANK_NAME) 
VALUES ('6017018015', '10010006', 44000.0, '401292952552', 'BOA');

INSERT INTO HR_EMPLOYEE_FINANCIALS (SSN, EMPLOYEE_ID, ANNUAL_CTC, BANK_ACCOUNT_NUMBER, BANK_NAME) 
VALUES ('7018019011', '10010007', 44000.0, '401386066097', 'BOA');

INSERT INTO HR_EMPLOYEE_FINANCIALS (SSN, EMPLOYEE_ID, ANNUAL_CTC, BANK_ACCOUNT_NUMBER, BANK_NAME) 
VALUES ('8019011102', '10010008', 44000.0, '401479179642', 'BOA');

INSERT INTO HR_EMPLOYEE_FINANCIALS (SSN, EMPLOYEE_ID, ANNUAL_CTC, BANK_ACCOUNT_NUMBER, BANK_NAME) 
VALUES ('1109018015', '10010009', 44000.0, '401572293187', 'Wells Fargo');

INSERT INTO HR_EMPLOYEE_FINANCIALS (SSN, EMPLOYEE_ID, ANNUAL_CTC, BANK_ACCOUNT_NUMBER, BANK_NAME) 
VALUES ('8017016012', '10010010', 44000.0, '401665406732', 'BOA');

INSERT INTO HR_EMPLOYEE_FINANCIALS (SSN, EMPLOYEE_ID, ANNUAL_CTC, BANK_ACCOUNT_NUMBER, BANK_NAME) 
VALUES ('6015014014', '10010011', 44000.0, '401758520277', 'BOA');

INSERT INTO HR_EMPLOYEE_FINANCIALS (SSN, EMPLOYEE_ID, ANNUAL_CTC, BANK_ACCOUNT_NUMBER, BANK_NAME) 
VALUES ('4013012012', '10010012', 44000.0, '401851633822', 'BOA');

INSERT INTO HR_EMPLOYEE_FINANCIALS (SSN, EMPLOYEE_ID, ANNUAL_CTC, BANK_ACCOUNT_NUMBER, BANK_NAME) 
VALUES ('3032446459', '10010013', 44000.0, '401944747367', 'Chase');

INSERT INTO HR_EMPLOYEE_FINANCIALS (SSN, EMPLOYEE_ID, ANNUAL_CTC, BANK_ACCOUNT_NUMBER, BANK_NAME) 
VALUES ('1245643643', '10010014', 44000.0, '402037860912', 'Chase');

INSERT INTO HR_EMPLOYEE_FINANCIALS (SSN, EMPLOYEE_ID, ANNUAL_CTC, BANK_ACCOUNT_NUMBER, BANK_NAME) 
VALUES ('125733246', '10010015', 44000.0, '402130974457', 'Wells Fargo');

INSERT INTO HR_EMPLOYEE_FINANCIALS (SSN, EMPLOYEE_ID, ANNUAL_CTC, BANK_ACCOUNT_NUMBER, BANK_NAME) 
VALUES ('567334523', '10010016', 44000.0, '402224088002', 'Wells Fargo');

INSERT INTO HR_EMPLOYEE_FINANCIALS (SSN, EMPLOYEE_ID, ANNUAL_CTC, BANK_ACCOUNT_NUMBER, BANK_NAME) 
VALUES ('533673465', '10010017', 55000.0, '402317201547', 'Chase');

INSERT INTO HR_EMPLOYEE_FINANCIALS (SSN, EMPLOYEE_ID, ANNUAL_CTC, BANK_ACCOUNT_NUMBER, BANK_NAME) 
VALUES ('662356235', '10010018', 55000.0, '402410315092', 'Chase');

INSERT INTO HR_EMPLOYEE_FINANCIALS (SSN, EMPLOYEE_ID, ANNUAL_CTC, BANK_ACCOUNT_NUMBER, BANK_NAME) 
VALUES ('523545234', '10010019', 55000.0, '402503428637', 'BOA');

INSERT INTO HR_EMPLOYEE_FINANCIALS (SSN, EMPLOYEE_ID, ANNUAL_CTC, BANK_ACCOUNT_NUMBER, BANK_NAME) 
VALUES ('245534523', '10010020', 55000.0, '402596542182', 'BOA');

INSERT INTO HR_EMPLOYEE_FINANCIALS (SSN, EMPLOYEE_ID, ANNUAL_CTC, BANK_ACCOUNT_NUMBER, BANK_NAME) 
VALUES ('787534567', '10010021', 55000.0, '402689655727', 'BOA');

INSERT INTO HR_EMPLOYEE_FINANCIALS (SSN, EMPLOYEE_ID, ANNUAL_CTC, BANK_ACCOUNT_NUMBER, BANK_NAME) 
VALUES ('444234673', '10010022', 55000.0, '402782769272', 'BOA');

INSERT INTO HR_EMPLOYEE_FINANCIALS (SSN, EMPLOYEE_ID, ANNUAL_CTC, BANK_ACCOUNT_NUMBER, BANK_NAME) 
VALUES ('837463653', '10010023', 55000.0, '402875882817', 'BOA');

INSERT INTO HR_EMPLOYEE_FINANCIALS (SSN, EMPLOYEE_ID, ANNUAL_CTC, BANK_ACCOUNT_NUMBER, BANK_NAME) 
VALUES ('234643234', '10010024', 55000.0, '402968996362', 'TD Bank');

INSERT INTO HR_EMPLOYEE_FINANCIALS (SSN, EMPLOYEE_ID, ANNUAL_CTC, BANK_ACCOUNT_NUMBER, BANK_NAME) 
VALUES ('123421244', '10010025', 55000.0, '403062109907', 'TD Bank');

INSERT INTO HR_EMPLOYEE_FINANCIALS (SSN, EMPLOYEE_ID, ANNUAL_CTC, BANK_ACCOUNT_NUMBER, BANK_NAME) 
VALUES ('887563456', '10010026', 55000.0, '403155223452', 'TD Bank');

INSERT INTO HR_EMPLOYEE_FINANCIALS (SSN, EMPLOYEE_ID, ANNUAL_CTC, BANK_ACCOUNT_NUMBER, BANK_NAME) 
VALUES ('574984805', '10010027', 55000.0, '403248336997', 'BOA');

INSERT INTO HR_EMPLOYEE_FINANCIALS (SSN, EMPLOYEE_ID, ANNUAL_CTC, BANK_ACCOUNT_NUMBER, BANK_NAME) 
VALUES ('889048764', '10010028', 55000.0, '403341450542', 'BOA');

INSERT INTO HR_EMPLOYEE_FINANCIALS (SSN, EMPLOYEE_ID, ANNUAL_CTC, BANK_ACCOUNT_NUMBER, BANK_NAME) 
VALUES ('238450567', '10010029', 55000.0, '403434564087', 'BOA');


--Skill Table
CREATE TABLE HR_SKILL 
(
  SKILL_ID VARCHAR2(10) NOT NULL 
, SKILL_NAME VARCHAR2(20) 
, SKILL_DETAILS VARCHAR2(40)  
, CONSTRAINT HR_SKILL_PK PRIMARY KEY 
  (
    SKILL_ID 
  )
);

SET DEFINE OFF

INSERT INTO HR_SKILL (SKILL_ID, SKILL_NAME, SKILL_DETAILS) 
VALUES ('19253527', 'Clerical 1', 'Admin and Records');

INSERT INTO HR_SKILL (SKILL_ID, SKILL_NAME, SKILL_DETAILS) 
VALUES ('19253746', 'Communication 1   ', 'English Language');

INSERT INTO HR_SKILL (SKILL_ID, SKILL_NAME, SKILL_DETAILS) 
VALUES ('19253965', 'Computer Use 1', 'IT Knowledge');

INSERT INTO HR_SKILL (SKILL_ID, SKILL_NAME, SKILL_DETAILS) 
VALUES ('19254184', 'Critical thinking', 'Analytical Thinking');

INSERT INTO HR_SKILL (SKILL_ID, SKILL_NAME, SKILL_DETAILS) 
VALUES ('19254403', 'Financial', 'Accounting Skills');

INSERT INTO HR_SKILL (SKILL_ID, SKILL_NAME, SKILL_DETAILS) 
VALUES ('19254622', 'Accounting 1', 'Budgetary Skills');

INSERT INTO HR_SKILL (SKILL_ID, SKILL_NAME, SKILL_DETAILS) 
VALUES ('19254841', 'Budget 1', 'Knowledge about Cash flow');

INSERT INTO HR_SKILL (SKILL_ID, SKILL_NAME, SKILL_DETAILS) 
VALUES ('19255060', 'Health & Safety 1', 'Safety Requirements');

INSERT INTO HR_SKILL (SKILL_ID, SKILL_NAME, SKILL_DETAILS) 
VALUES ('19255279', 'Legal 1', 'Statutes');

INSERT INTO HR_SKILL (SKILL_ID, SKILL_NAME, SKILL_DETAILS) 
VALUES ('19255498', 'Managerial', 'Program Planning');

--Locations Table

CREATE TABLE HR_LOCATION 
(
  LOCATION_ID VARCHAR2(10) NOT NULL 
, LOCATION_NAME VARCHAR2(20) NOT NULL 
, LOCATION_ADDRESS VARCHAR2(40) NOT NULL 
, COUNTRY_NAME VARCHAR2(20) 
, CONSTRAINT HR_LOCATION_PK PRIMARY KEY 
  (
    LOCATION_ID 
  )
);

SET DEFINE OFF

INSERT INTO HR_LOCATION (LOCATION_ID, LOCATION_NAME, LOCATION_ADDRESS, COUNTRY_NAME) 
VALUES ('1100', 'New Orleans', '6639 N Blue Gum St', 'US');

INSERT INTO HR_LOCATION (LOCATION_ID, LOCATION_NAME, LOCATION_ADDRESS, COUNTRY_NAME) 
VALUES ('1200', 'Brighton', '4 B Blue Ridge Blvd', 'US');

INSERT INTO HR_LOCATION (LOCATION_ID, LOCATION_NAME, LOCATION_ADDRESS, COUNTRY_NAME) 
VALUES ('1300', 'Bridgeport', '8 W Cerritos Ave #54', 'US');

INSERT INTO HR_LOCATION (LOCATION_ID, LOCATION_NAME, LOCATION_ADDRESS, COUNTRY_NAME) 
VALUES ('1400', 'Anchorage', '639 Main St', 'US');

INSERT INTO HR_LOCATION (LOCATION_ID, LOCATION_NAME, LOCATION_ADDRESS, COUNTRY_NAME) 
VALUES ('1500', 'Hamilton', '34 Center St', 'US');

INSERT INTO HR_LOCATION (LOCATION_ID, LOCATION_NAME, LOCATION_ADDRESS, COUNTRY_NAME) 
VALUES ('1600', 'Ashland', '3 Mcauley Dr', 'US');

INSERT INTO HR_LOCATION (LOCATION_ID, LOCATION_NAME, LOCATION_ADDRESS, COUNTRY_NAME) 
VALUES ('1700', 'Chicago', '7 Eads St', 'US');

INSERT INTO HR_LOCATION (LOCATION_ID, LOCATION_NAME, LOCATION_ADDRESS, COUNTRY_NAME) 
VALUES ('1800', 'San Jose', '7 W Jackson Blvd', 'US');

INSERT INTO HR_LOCATION (LOCATION_ID, LOCATION_NAME, LOCATION_ADDRESS, COUNTRY_NAME) 
VALUES ('1900', 'Sioux Falls', '5 Boston Ave #88', 'US');

INSERT INTO HR_LOCATION (LOCATION_ID, LOCATION_NAME, LOCATION_ADDRESS, COUNTRY_NAME) 
VALUES ('2000', 'Baltimore', '228 Runamuck Pl #2808', 'US');

INSERT INTO HR_LOCATION (LOCATION_ID, LOCATION_NAME, LOCATION_ADDRESS, COUNTRY_NAME) 
VALUES ('2100', 'Kulpsville', '2371 Jerrold Ave', 'US');

INSERT INTO HR_LOCATION (LOCATION_ID, LOCATION_NAME, LOCATION_ADDRESS, COUNTRY_NAME) 
VALUES ('2200', 'Middle Island', '37275 St  Rt 17m M', 'US');

INSERT INTO HR_LOCATION (LOCATION_ID, LOCATION_NAME, LOCATION_ADDRESS, COUNTRY_NAME) 
VALUES ('2300', 'Los Angeles', '25 E 75th St #69', 'US');

INSERT INTO HR_LOCATION (LOCATION_ID, LOCATION_NAME, LOCATION_ADDRESS, COUNTRY_NAME) 
VALUES ('2400', 'Chagrin Falls', '98 Connecticut Ave Nw', 'US');

INSERT INTO HR_LOCATION (LOCATION_ID, LOCATION_NAME, LOCATION_ADDRESS, COUNTRY_NAME) 
VALUES ('2500', 'Laredo', '56 E Morehead St', 'US');

INSERT INTO HR_LOCATION (LOCATION_ID, LOCATION_NAME, LOCATION_ADDRESS, COUNTRY_NAME) 
VALUES ('2600', 'Phoenix', '73 State Road 434 E', 'US');

INSERT INTO HR_LOCATION (LOCATION_ID, LOCATION_NAME, LOCATION_ADDRESS, COUNTRY_NAME) 
VALUES ('2700', 'Mc Minnville', '69734 E Carrillo St', 'US');

INSERT INTO HR_LOCATION (LOCATION_ID, LOCATION_NAME, LOCATION_ADDRESS, COUNTRY_NAME) 
VALUES ('2800', 'Milwaukee', '322 New Horizon Blvd', 'US');

INSERT INTO HR_LOCATION (LOCATION_ID, LOCATION_NAME, LOCATION_ADDRESS, COUNTRY_NAME) 
VALUES ('2900', 'Taylor', '1 State Route 27', 'US');

INSERT INTO HR_LOCATION (LOCATION_ID, LOCATION_NAME, LOCATION_ADDRESS, COUNTRY_NAME) 
VALUES ('3000', 'Rockford', '394 Manchester Blvd', 'US');

INSERT INTO HR_LOCATION (LOCATION_ID, LOCATION_NAME, LOCATION_ADDRESS, COUNTRY_NAME) 
VALUES ('3100', 'Aston', '6 S 33rd St', 'US');

INSERT INTO HR_LOCATION (LOCATION_ID, LOCATION_NAME, LOCATION_ADDRESS, COUNTRY_NAME) 
VALUES ('3200', 'San Jose', '6 Greenleaf Ave', 'US');

INSERT INTO HR_LOCATION (LOCATION_ID, LOCATION_NAME, LOCATION_ADDRESS, COUNTRY_NAME) 
VALUES ('3300', 'Irving', '618 W Yakima Ave', 'US');

INSERT INTO HR_LOCATION (LOCATION_ID, LOCATION_NAME, LOCATION_ADDRESS, COUNTRY_NAME) 
VALUES ('3400', 'Albany', '74 S Westgate St', 'US');

INSERT INTO HR_LOCATION (LOCATION_ID, LOCATION_NAME, LOCATION_ADDRESS, COUNTRY_NAME) 
VALUES ('3500', 'Middlesex', '3273 State St', 'US');

INSERT INTO HR_LOCATION (LOCATION_ID, LOCATION_NAME, LOCATION_ADDRESS, COUNTRY_NAME) 
VALUES ('3600', 'Stevens Point', '1 Central Ave', 'US');

INSERT INTO HR_LOCATION (LOCATION_ID, LOCATION_NAME, LOCATION_ADDRESS, COUNTRY_NAME) 
VALUES ('3700', 'Shawnee', '86 Nw 66th St #8673', 'US');

INSERT INTO HR_LOCATION (LOCATION_ID, LOCATION_NAME, LOCATION_ADDRESS, COUNTRY_NAME) 
VALUES ('3800', 'Easton', '2 Cedar Ave #84', 'US');

INSERT INTO HR_LOCATION (LOCATION_ID, LOCATION_NAME, LOCATION_ADDRESS, COUNTRY_NAME) 
VALUES ('3900', 'New York', '909 Thorburn Ave', 'US');


--Department Table

CREATE TABLE HR_DEPARTMENT 
(
  DEPARTMENT_ID VARCHAR2(10 BYTE) NOT NULL 
, DEPARTMENT_NAME VARCHAR2(20 BYTE) NOT NULL 
, MANAGER_ID VARCHAR2(20 BYTE)
, LOCATION_ID VARCHAR2(10 BYTE) NOT NULL
, CONSTRAINT HR_DEPARTMENT_PK PRIMARY KEY 
  (
    DEPARTMENT_ID 
  ),
CONSTRAINT HR_DEPARTMENT_FK1 FOREIGN KEY
(
  LOCATION_ID 
)
REFERENCES HR_LOCATION
(
  LOCATION_ID 
)
);


SET DEFINE OFF

INSERT INTO HR_DEPARTMENT (DEPARTMENT_ID, DEPARTMENT_NAME, MANAGER_ID, LOCATION_ID) 
VALUES ('10', 'IT Department', '10010018', '1100');

INSERT INTO HR_DEPARTMENT (DEPARTMENT_ID, DEPARTMENT_NAME, MANAGER_ID, LOCATION_ID) 
VALUES ('20', 'Legal Department', '10010003', '1200');

INSERT INTO HR_DEPARTMENT (DEPARTMENT_ID, DEPARTMENT_NAME, MANAGER_ID, LOCATION_ID) 
VALUES ('30', 'Administration', 'null', '1300');

INSERT INTO HR_DEPARTMENT (DEPARTMENT_ID, DEPARTMENT_NAME, MANAGER_ID, LOCATION_ID) 
VALUES ('40', 'Client Service', '10010010', '1400');

INSERT INTO HR_DEPARTMENT (DEPARTMENT_ID, DEPARTMENT_NAME, MANAGER_ID, LOCATION_ID) 
VALUES ('50', 'Marketing', '10010006', '1500');

INSERT INTO HR_DEPARTMENT (DEPARTMENT_ID, DEPARTMENT_NAME, MANAGER_ID, LOCATION_ID) 
VALUES ('60', 'Production', 'null', '1600');

INSERT INTO HR_DEPARTMENT (DEPARTMENT_ID, DEPARTMENT_NAME, MANAGER_ID, LOCATION_ID) 
VALUES ('70', 'Finance', '10010007', '1700');

INSERT INTO HR_DEPARTMENT (DEPARTMENT_ID, DEPARTMENT_NAME, MANAGER_ID, LOCATION_ID) 
VALUES ('80', 'Security', '10010009', '1800');

INSERT INTO HR_DEPARTMENT (DEPARTMENT_ID, DEPARTMENT_NAME, MANAGER_ID, LOCATION_ID) 
VALUES ('90', 'Accounting', 'null', '1900');

--Job Detail
CREATE TABLE HR_JOB_DETAILS 
(
  JOB_ID VARCHAR2(10) NOT NULL 
, DEPARTMENT_ID VARCHAR2(10) 
, JOB_TITLE VARCHAR2(20) 
, WORKHOURS_WEEK NUMBER(10) 
, PAYHOUR_RATE NUMBER(10) 
, CONSTRAINT HR_JOB_DETAILS_PK PRIMARY KEY 
  (
    JOB_ID 
  ),
  CONSTRAINT HR_JOB_DETAILS_FK1 FOREIGN KEY
(
  DEPARTMENT_ID 
)
REFERENCES HR_DEPARTMENT
(
  DEPARTMENT_ID 
)
);

SET DEFINE OFF

INSERT INTO HR_JOB_DETAILS (JOB_ID, DEPARTMENT_ID, JOB_TITLE, WORKHOURS_WEEK, PAYHOUR_RATE) 
VALUES ('10110', '10', 'Programmer', 40.0, 30.0);

INSERT INTO HR_JOB_DETAILS (JOB_ID, DEPARTMENT_ID, JOB_TITLE, WORKHOURS_WEEK, PAYHOUR_RATE) 
VALUES ('11121', '30', 'Admin Staff', 40.0, 15.0);

INSERT INTO HR_JOB_DETAILS (JOB_ID, DEPARTMENT_ID, JOB_TITLE, WORKHOURS_WEEK, PAYHOUR_RATE) 
VALUES ('12132', '30', 'Admin Manager', 48.0, 25.0);

INSERT INTO HR_JOB_DETAILS (JOB_ID, DEPARTMENT_ID, JOB_TITLE, WORKHOURS_WEEK, PAYHOUR_RATE) 
VALUES ('13143', '10', 'Server Manager', 40.0, 15.0);

INSERT INTO HR_JOB_DETAILS (JOB_ID, DEPARTMENT_ID, JOB_TITLE, WORKHOURS_WEEK, PAYHOUR_RATE) 
VALUES ('14154', '50', 'Sales Executive', 40.0, 15.0);

INSERT INTO HR_JOB_DETAILS (JOB_ID, DEPARTMENT_ID, JOB_TITLE, WORKHOURS_WEEK, PAYHOUR_RATE) 
VALUES ('15165', '50', 'Sales Manager', 48.0, 25.0);

INSERT INTO HR_JOB_DETAILS (JOB_ID, DEPARTMENT_ID, JOB_TITLE, WORKHOURS_WEEK, PAYHOUR_RATE) 
VALUES ('17187', '40', 'Server', 40.0, 15.0);

INSERT INTO HR_JOB_DETAILS (JOB_ID, DEPARTMENT_ID, JOB_TITLE, WORKHOURS_WEEK, PAYHOUR_RATE) 
VALUES ('18198', '40', 'Service Manager', 48.0, 20.0);

INSERT INTO HR_JOB_DETAILS (JOB_ID, DEPARTMENT_ID, JOB_TITLE, WORKHOURS_WEEK, PAYHOUR_RATE) 
VALUES ('21231', '70', 'Finance Manager', 48.0, 30.0);

INSERT INTO HR_JOB_DETAILS (JOB_ID, DEPARTMENT_ID, JOB_TITLE, WORKHOURS_WEEK, PAYHOUR_RATE) 
VALUES ('22242', '50', 'Sales Person', 40.0, 15.0);

INSERT INTO HR_JOB_DETAILS (JOB_ID, DEPARTMENT_ID, JOB_TITLE, WORKHOURS_WEEK, PAYHOUR_RATE) 
VALUES ('26286', '50', 'Sales Person', 40.0, 15.0);

INSERT INTO HR_JOB_DETAILS (JOB_ID, DEPARTMENT_ID, JOB_TITLE, WORKHOURS_WEEK, PAYHOUR_RATE) 
VALUES ('27297', '10', 'IT Manager', 48.0, 35.0);

INSERT INTO HR_JOB_DETAILS (JOB_ID, DEPARTMENT_ID, JOB_TITLE, WORKHOURS_WEEK, PAYHOUR_RATE) 
VALUES ('30330', '20', 'Chief Advisor', 48.0, 35.0);

INSERT INTO HR_JOB_DETAILS (JOB_ID, DEPARTMENT_ID, JOB_TITLE, WORKHOURS_WEEK, PAYHOUR_RATE) 
VALUES ('31341', '20', 'Legal Consultant', 40.0, 25.0);

INSERT INTO HR_JOB_DETAILS (JOB_ID, DEPARTMENT_ID, JOB_TITLE, WORKHOURS_WEEK, PAYHOUR_RATE) 
VALUES ('32352', '60', 'Worker', 40.0, 15.0);

INSERT INTO HR_JOB_DETAILS (JOB_ID, DEPARTMENT_ID, JOB_TITLE, WORKHOURS_WEEK, PAYHOUR_RATE) 
VALUES ('33363', '60', 'Production Manager', 48.0, 24.0);

INSERT INTO HR_JOB_DETAILS (JOB_ID, DEPARTMENT_ID, JOB_TITLE, WORKHOURS_WEEK, PAYHOUR_RATE) 
VALUES ('34374', '70', 'Accountant', 40.0, 18.0);

INSERT INTO HR_JOB_DETAILS (JOB_ID, DEPARTMENT_ID, JOB_TITLE, WORKHOURS_WEEK, PAYHOUR_RATE) 
VALUES ('35385', '80', 'Security Manager', 48.0, 25.0);

INSERT INTO HR_JOB_DETAILS (JOB_ID, DEPARTMENT_ID, JOB_TITLE, WORKHOURS_WEEK, PAYHOUR_RATE) 
VALUES ('36396', '80', 'Guard', 40.0, 20.0);

--Skill Details
CREATE TABLE HR_SKILL_DETAILS 
(
  SKILL_ID VARCHAR2(10) 
, EMPLOYEE_ID VARCHAR2(10)
, CONSTRAINT HR_SKILL_FK1 FOREIGN KEY
(
  EMPLOYEE_ID 
)
REFERENCES HR_EMPLOYEES
(
  EMPLOYEE_ID 
)

);

SET DEFINE OFF

INSERT INTO HR_SKILL_DETAILS (SKILL_ID, EMPLOYEE_ID) 
VALUES ('19253527', '10010001');

INSERT INTO HR_SKILL_DETAILS (SKILL_ID, EMPLOYEE_ID) 
VALUES ('19253746', '10010002');

INSERT INTO HR_SKILL_DETAILS (SKILL_ID, EMPLOYEE_ID) 
VALUES ('19253965', '10010003');

INSERT INTO HR_SKILL_DETAILS (SKILL_ID, EMPLOYEE_ID) 
VALUES ('19254184', '10010004');

INSERT INTO HR_SKILL_DETAILS (SKILL_ID, EMPLOYEE_ID) 
VALUES ('19254403', '10010005');

INSERT INTO HR_SKILL_DETAILS (SKILL_ID, EMPLOYEE_ID) 
VALUES ('19254622', '10010006');

INSERT INTO HR_SKILL_DETAILS (SKILL_ID, EMPLOYEE_ID) 
VALUES ('19254841', '10010007');

INSERT INTO HR_SKILL_DETAILS (SKILL_ID, EMPLOYEE_ID) 
VALUES ('19255060', '10010008');

INSERT INTO HR_SKILL_DETAILS (SKILL_ID, EMPLOYEE_ID) 
VALUES ('19255279', '10010009');

INSERT INTO HR_SKILL_DETAILS (SKILL_ID, EMPLOYEE_ID) 
VALUES ('19253527', '10010010');

INSERT INTO HR_SKILL_DETAILS (SKILL_ID, EMPLOYEE_ID) 
VALUES ('19253746', '10010011');

INSERT INTO HR_SKILL_DETAILS (SKILL_ID, EMPLOYEE_ID) 
VALUES ('19253965', '10010012');

INSERT INTO HR_SKILL_DETAILS (SKILL_ID, EMPLOYEE_ID) 
VALUES ('19254184', '10010013');

INSERT INTO HR_SKILL_DETAILS (SKILL_ID, EMPLOYEE_ID) 
VALUES ('19254403', '10010014');

INSERT INTO HR_SKILL_DETAILS (SKILL_ID, EMPLOYEE_ID) 
VALUES ('19254622', '10010015');

INSERT INTO HR_SKILL_DETAILS (SKILL_ID, EMPLOYEE_ID) 
VALUES ('19254841', '10010016');

INSERT INTO HR_SKILL_DETAILS (SKILL_ID, EMPLOYEE_ID) 
VALUES ('19255060', '10010017');

INSERT INTO HR_SKILL_DETAILS (SKILL_ID, EMPLOYEE_ID) 
VALUES ('19255279', '10010018');

INSERT INTO HR_SKILL_DETAILS (SKILL_ID, EMPLOYEE_ID) 
VALUES ('19255498', '10010019');

INSERT INTO HR_SKILL_DETAILS (SKILL_ID, EMPLOYEE_ID) 
VALUES ('19253527', '10010020');

INSERT INTO HR_SKILL_DETAILS (SKILL_ID, EMPLOYEE_ID) 
VALUES ('19253746', '10010021');

INSERT INTO HR_SKILL_DETAILS (SKILL_ID, EMPLOYEE_ID) 
VALUES ('19253965', '10010022');

INSERT INTO HR_SKILL_DETAILS (SKILL_ID, EMPLOYEE_ID) 
VALUES ('19254184', '10010023');

INSERT INTO HR_SKILL_DETAILS (SKILL_ID, EMPLOYEE_ID) 
VALUES ('19254403', '10010024');

INSERT INTO HR_SKILL_DETAILS (SKILL_ID, EMPLOYEE_ID) 
VALUES ('19254622', '10010025');

INSERT INTO HR_SKILL_DETAILS (SKILL_ID, EMPLOYEE_ID) 
VALUES ('19254841', '10010026');

INSERT INTO HR_SKILL_DETAILS (SKILL_ID, EMPLOYEE_ID) 
VALUES ('19255060', '10010027');

INSERT INTO HR_SKILL_DETAILS (SKILL_ID, EMPLOYEE_ID) 
VALUES ('19255279', '10010028');

INSERT INTO HR_SKILL_DETAILS (SKILL_ID, EMPLOYEE_ID) 
VALUES ('19255498', '10010029');

--Payroll Review Table

CREATE TABLE HR_PAYROLL_REVIEW 
(
  REVIEW_ID VARCHAR2(10) NOT NULL 
, EMPLOYEE_ID VARCHAR2(10) 
, MONTH VARCHAR2(10) 
, YEAR NUMBER(10) 
, MANAGER_ID VARCHAR2(10) 
, RVW_SUB_DATE DATE NOT NULL 
, RVW_APP_DATE DATE 
, APPROVAL_STATUS VARCHAR2(10) 
, CONSTRAINT HR_PAYROLL_REVIEW_PK PRIMARY KEY 
  (
    REVIEW_ID 
  ),
CONSTRAINT HR_PAYROLL_REVIEW_FK1 FOREIGN KEY
(
  EMPLOYEE_ID 
)
REFERENCES HR_EMPLOYEES
(
  EMPLOYEE_ID 
)
);

SET DEFINE OFF

INSERT INTO HR_PAYROLL_REVIEW (REVIEW_ID, EMPLOYEE_ID, MONTH, YEAR, MANAGER_ID, RVW_SUB_DATE, RVW_APP_DATE, APPROVAL_STATUS) 
VALUES ('10001', '10010001', 'January', 2016.0, '10010018', to_date('16-01-06', 'RRRR-MM-DD'), to_date('16-01-07', 'RRRR-MM-DD'), 'Y');

INSERT INTO HR_PAYROLL_REVIEW (REVIEW_ID, EMPLOYEE_ID, MONTH, YEAR, MANAGER_ID, RVW_SUB_DATE, RVW_APP_DATE, APPROVAL_STATUS) 
VALUES ('10002', '10010002', 'January', 2016.0, '10010003', to_date('16-01-04', 'RRRR-MM-DD'), to_date('16-01-08', 'RRRR-MM-DD'), 'Y');

INSERT INTO HR_PAYROLL_REVIEW (REVIEW_ID, EMPLOYEE_ID, MONTH, YEAR, MANAGER_ID, RVW_SUB_DATE, RVW_APP_DATE, APPROVAL_STATUS) 
VALUES ('10003', '10010003', 'January', 2016.0, 'null', to_date('16-01-02', 'RRRR-MM-DD'), to_date('16-01-04', 'RRRR-MM-DD'), 'Y');

INSERT INTO HR_PAYROLL_REVIEW (REVIEW_ID, EMPLOYEE_ID, MONTH, YEAR, MANAGER_ID, RVW_SUB_DATE, RVW_APP_DATE, APPROVAL_STATUS) 
VALUES ('10004', '10010004', 'January', 2016.0, '10010009', to_date('16-01-01', 'RRRR-MM-DD'), to_date('16-01-04', 'RRRR-MM-DD'), 'Y');

INSERT INTO HR_PAYROLL_REVIEW (REVIEW_ID, EMPLOYEE_ID, MONTH, YEAR, MANAGER_ID, RVW_SUB_DATE, RVW_APP_DATE, APPROVAL_STATUS) 
VALUES ('10005', '10010005', 'January', 2016.0, '10010006', to_date('16-01-03', 'RRRR-MM-DD'), to_date('16-01-07', 'RRRR-MM-DD'), 'Y');

INSERT INTO HR_PAYROLL_REVIEW (REVIEW_ID, EMPLOYEE_ID, MONTH, YEAR, MANAGER_ID, RVW_SUB_DATE, RVW_APP_DATE, APPROVAL_STATUS) 
VALUES ('10006', '10010006', 'January', 2016.0, 'null', to_date('16-01-03', 'RRRR-MM-DD'), to_date('16-01-08', 'RRRR-MM-DD'), 'Y');

INSERT INTO HR_PAYROLL_REVIEW (REVIEW_ID, EMPLOYEE_ID, MONTH, YEAR, MANAGER_ID, RVW_SUB_DATE, RVW_APP_DATE, APPROVAL_STATUS) 
VALUES ('10007', '10010007', 'January', 2016.0, '10010003', to_date('16-01-06', 'RRRR-MM-DD'), to_date('16-01-08', 'RRRR-MM-DD'), 'Y');

INSERT INTO HR_PAYROLL_REVIEW (REVIEW_ID, EMPLOYEE_ID, MONTH, YEAR, MANAGER_ID, RVW_SUB_DATE, RVW_APP_DATE, APPROVAL_STATUS) 
VALUES ('10008', '10010008', 'January', 2016.0, '10010009', to_date('16-01-04', 'RRRR-MM-DD'), to_date('16-01-04', 'RRRR-MM-DD'), 'N');

INSERT INTO HR_PAYROLL_REVIEW (REVIEW_ID, EMPLOYEE_ID, MONTH, YEAR, MANAGER_ID, RVW_SUB_DATE, RVW_APP_DATE, APPROVAL_STATUS) 
VALUES ('10009', '10010009', 'January', 2016.0, 'null', to_date('16-01-02', 'RRRR-MM-DD'), to_date('16-01-07', 'RRRR-MM-DD'), 'Y');

INSERT INTO HR_PAYROLL_REVIEW (REVIEW_ID, EMPLOYEE_ID, MONTH, YEAR, MANAGER_ID, RVW_SUB_DATE, RVW_APP_DATE, APPROVAL_STATUS) 
VALUES ('10010', '10010010', 'January', 2016.0, '10010006', to_date('16-01-01', 'RRRR-MM-DD'), to_date('16-01-08', 'RRRR-MM-DD'), 'Y');

INSERT INTO HR_PAYROLL_REVIEW (REVIEW_ID, EMPLOYEE_ID, MONTH, YEAR, MANAGER_ID, RVW_SUB_DATE, RVW_APP_DATE, APPROVAL_STATUS) 
VALUES ('10011', '10010011', 'January', 2016.0, '10010006', to_date('16-01-03', 'RRRR-MM-DD'), to_date('16-01-11', 'RRRR-MM-DD'), 'Y');

INSERT INTO HR_PAYROLL_REVIEW (REVIEW_ID, EMPLOYEE_ID, MONTH, YEAR, MANAGER_ID, RVW_SUB_DATE, RVW_APP_DATE, APPROVAL_STATUS) 
VALUES ('10012', '10010012', 'January', 2016.0, 'null', to_date('16-01-03', 'RRRR-MM-DD'), to_date('16-01-04', 'RRRR-MM-DD'), 'Y');

INSERT INTO HR_PAYROLL_REVIEW (REVIEW_ID, EMPLOYEE_ID, MONTH, YEAR, MANAGER_ID, RVW_SUB_DATE, RVW_APP_DATE, APPROVAL_STATUS) 
VALUES ('10013', '10010013', 'January', 2016.0, '10010006', to_date('16-01-06', 'RRRR-MM-DD'), to_date('16-01-07', 'RRRR-MM-DD'), 'Y');

INSERT INTO HR_PAYROLL_REVIEW (REVIEW_ID, EMPLOYEE_ID, MONTH, YEAR, MANAGER_ID, RVW_SUB_DATE, RVW_APP_DATE, APPROVAL_STATUS) 
VALUES ('10014', '10010014', 'January', 2016.0, '10010012', to_date('16-01-04', 'RRRR-MM-DD'), to_date('16-01-08', 'RRRR-MM-DD'), 'N');

INSERT INTO HR_PAYROLL_REVIEW (REVIEW_ID, EMPLOYEE_ID, MONTH, YEAR, MANAGER_ID, RVW_SUB_DATE, RVW_APP_DATE, APPROVAL_STATUS) 
VALUES ('10015', '10010015', 'January', 2016.0, '10010012', to_date('16-01-02', 'RRRR-MM-DD'), to_date('16-01-04', 'RRRR-MM-DD'), 'Y');

INSERT INTO HR_PAYROLL_REVIEW (REVIEW_ID, EMPLOYEE_ID, MONTH, YEAR, MANAGER_ID, RVW_SUB_DATE, RVW_APP_DATE, APPROVAL_STATUS) 
VALUES ('10016', '10010016', 'January', 2016.0, '10010003', to_date('16-01-01', 'RRRR-MM-DD'), to_date('16-01-04', 'RRRR-MM-DD'), 'Y');

INSERT INTO HR_PAYROLL_REVIEW (REVIEW_ID, EMPLOYEE_ID, MONTH, YEAR, MANAGER_ID, RVW_SUB_DATE, RVW_APP_DATE, APPROVAL_STATUS) 
VALUES ('10017', '10010017', 'January', 2016.0, '10010006', to_date('16-01-09', 'RRRR-MM-DD'), to_date('16-01-11', 'RRRR-MM-DD'), 'Y');

INSERT INTO HR_PAYROLL_REVIEW (REVIEW_ID, EMPLOYEE_ID, MONTH, YEAR, MANAGER_ID, RVW_SUB_DATE, RVW_APP_DATE, APPROVAL_STATUS) 
VALUES ('10018', '10010018', 'January', 2016.0, 'null', to_date('16-01-03', 'RRRR-MM-DD'), to_date('16-01-08', 'RRRR-MM-DD'), 'Y');

INSERT INTO HR_PAYROLL_REVIEW (REVIEW_ID, EMPLOYEE_ID, MONTH, YEAR, MANAGER_ID, RVW_SUB_DATE, RVW_APP_DATE, APPROVAL_STATUS) 
VALUES ('10019', '10010019', 'January', 2016.0, '10010003', to_date('16-01-06', 'RRRR-MM-DD'), to_date('16-01-07', 'RRRR-MM-DD'), 'Y');

INSERT INTO HR_PAYROLL_REVIEW (REVIEW_ID, EMPLOYEE_ID, MONTH, YEAR, MANAGER_ID, RVW_SUB_DATE, RVW_APP_DATE, APPROVAL_STATUS) 
VALUES ('10020', '10010020', 'January', 2016.0, '10010003', to_date('16-01-04', 'RRRR-MM-DD'), to_date('16-01-04', 'RRRR-MM-DD'), 'Y');

INSERT INTO HR_PAYROLL_REVIEW (REVIEW_ID, EMPLOYEE_ID, MONTH, YEAR, MANAGER_ID, RVW_SUB_DATE, RVW_APP_DATE, APPROVAL_STATUS) 
VALUES ('10021', '10010021', 'January', 2016.0, 'null', to_date('16-01-02', 'RRRR-MM-DD'), to_date('16-01-07', 'RRRR-MM-DD'), 'N');

INSERT INTO HR_PAYROLL_REVIEW (REVIEW_ID, EMPLOYEE_ID, MONTH, YEAR, MANAGER_ID, RVW_SUB_DATE, RVW_APP_DATE, APPROVAL_STATUS) 
VALUES ('10022', '10010022', 'January', 2016.0, '10010021', to_date('16-01-01', 'RRRR-MM-DD'), to_date('16-01-08', 'RRRR-MM-DD'), 'Y');

INSERT INTO HR_PAYROLL_REVIEW (REVIEW_ID, EMPLOYEE_ID, MONTH, YEAR, MANAGER_ID, RVW_SUB_DATE, RVW_APP_DATE, APPROVAL_STATUS) 
VALUES ('10023', '10010023', 'January', 2016.0, '10010024', to_date('16-01-09', 'RRRR-MM-DD'), to_date('16-01-11', 'RRRR-MM-DD'), 'Y');

INSERT INTO HR_PAYROLL_REVIEW (REVIEW_ID, EMPLOYEE_ID, MONTH, YEAR, MANAGER_ID, RVW_SUB_DATE, RVW_APP_DATE, APPROVAL_STATUS) 
VALUES ('10024', '10010024', 'January', 2016.0, 'null', to_date('16-01-03', 'RRRR-MM-DD'), to_date('16-01-04', 'RRRR-MM-DD'), 'Y');

INSERT INTO HR_PAYROLL_REVIEW (REVIEW_ID, EMPLOYEE_ID, MONTH, YEAR, MANAGER_ID, RVW_SUB_DATE, RVW_APP_DATE, APPROVAL_STATUS) 
VALUES ('10025', '10010025', 'January', 2016.0, '10010012', to_date('16-01-06', 'RRRR-MM-DD'), to_date('16-01-07', 'RRRR-MM-DD'), 'Y');

INSERT INTO HR_PAYROLL_REVIEW (REVIEW_ID, EMPLOYEE_ID, MONTH, YEAR, MANAGER_ID, RVW_SUB_DATE, RVW_APP_DATE, APPROVAL_STATUS) 
VALUES ('10026', '10010026', 'January', 2016.0, 'null', to_date('16-01-04', 'RRRR-MM-DD'), to_date('16-01-08', 'RRRR-MM-DD'), 'Y');

INSERT INTO HR_PAYROLL_REVIEW (REVIEW_ID, EMPLOYEE_ID, MONTH, YEAR, MANAGER_ID, RVW_SUB_DATE, RVW_APP_DATE, APPROVAL_STATUS) 
VALUES ('10027', '10010027', 'January', 2016.0, '10010026', to_date('16-01-02', 'RRRR-MM-DD'), to_date('16-01-04', 'RRRR-MM-DD'), 'Y');

INSERT INTO HR_PAYROLL_REVIEW (REVIEW_ID, EMPLOYEE_ID, MONTH, YEAR, MANAGER_ID, RVW_SUB_DATE, RVW_APP_DATE, APPROVAL_STATUS) 
VALUES ('10028', '10010028', 'January', 2016.0, '10010024', to_date('16-01-01', 'RRRR-MM-DD'), to_date('16-01-04', 'RRRR-MM-DD'), 'Y');

INSERT INTO HR_PAYROLL_REVIEW (REVIEW_ID, EMPLOYEE_ID, MONTH, YEAR, MANAGER_ID, RVW_SUB_DATE, RVW_APP_DATE, APPROVAL_STATUS) 
VALUES ('10029', '10010029', 'January', 2016.0, '10010024', to_date('16-01-09', 'RRRR-MM-DD'), to_date('16-01-10', 'RRRR-MM-DD'), 'Y');

--Payroll Details
CREATE TABLE HR_PAYROLL_DETAILS 
(
  EMPLOYEE_ID VARCHAR2(10) NOT NULL 
, MONTH VARCHAR2(10) 
, YEAR NUMBER(10) 
, HOURS_WORKED NUMBER(10) 
, EXTRA_HOURS_WORKED NUMBER(10) 
, BONUS NUMBER(10) 
, LEAVE_DAYS NUMBER(10)
, CONSTRAINT HR_PAYROLL_DETAILS_FK1 FOREIGN KEY
(
  EMPLOYEE_ID 
)
REFERENCES HR_EMPLOYEES
(
  EMPLOYEE_ID 
)
);

SET DEFINE OFF

INSERT INTO HR_PAYROLL_DETAILS (EMPLOYEE_ID, MONTH, YEAR, HOURS_WORKED, EXTRA_HOURS_WORKED, BONUS, LEAVE_DAYS) 
VALUES ('10010001', 'January', 2016.0, 40.0, 4.0, 80.0, 0.0);

INSERT INTO HR_PAYROLL_DETAILS (EMPLOYEE_ID, MONTH, YEAR, HOURS_WORKED, EXTRA_HOURS_WORKED, BONUS, LEAVE_DAYS) 
VALUES ('10010002', 'January', 2016.0, 40.0, 0.0, 0.0, 0.0);

INSERT INTO HR_PAYROLL_DETAILS (EMPLOYEE_ID, MONTH, YEAR, HOURS_WORKED, EXTRA_HOURS_WORKED, BONUS, LEAVE_DAYS) 
VALUES ('10010003', 'January', 2016.0, 48.0, 0.0, 0.0, 0.0);

INSERT INTO HR_PAYROLL_DETAILS (EMPLOYEE_ID, MONTH, YEAR, HOURS_WORKED, EXTRA_HOURS_WORKED, BONUS, LEAVE_DAYS) 
VALUES ('10010004', 'January', 2016.0, 40.0, 0.0, 0.0, 0.0);

INSERT INTO HR_PAYROLL_DETAILS (EMPLOYEE_ID, MONTH, YEAR, HOURS_WORKED, EXTRA_HOURS_WORKED, BONUS, LEAVE_DAYS) 
VALUES ('10010005', 'January', 2016.0, 40.0, 0.0, 0.0, 0.0);

INSERT INTO HR_PAYROLL_DETAILS (EMPLOYEE_ID, MONTH, YEAR, HOURS_WORKED, EXTRA_HOURS_WORKED, BONUS, LEAVE_DAYS) 
VALUES ('10010006', 'January', 2016.0, 48.0, 0.0, 0.0, 0.0);

INSERT INTO HR_PAYROLL_DETAILS (EMPLOYEE_ID, MONTH, YEAR, HOURS_WORKED, EXTRA_HOURS_WORKED, BONUS, LEAVE_DAYS) 
VALUES ('10010007', 'January', 2016.0, 40.0, 0.0, 0.0, 0.0);

INSERT INTO HR_PAYROLL_DETAILS (EMPLOYEE_ID, MONTH, YEAR, HOURS_WORKED, EXTRA_HOURS_WORKED, BONUS, LEAVE_DAYS) 
VALUES ('10010008', 'January', 2016.0, 40.0, 5.0, 100.0, 0.0);

INSERT INTO HR_PAYROLL_DETAILS (EMPLOYEE_ID, MONTH, YEAR, HOURS_WORKED, EXTRA_HOURS_WORKED, BONUS, LEAVE_DAYS) 
VALUES ('10010009', 'January', 2016.0, 48.0, 0.0, 0.0, 0.0);

INSERT INTO HR_PAYROLL_DETAILS (EMPLOYEE_ID, MONTH, YEAR, HOURS_WORKED, EXTRA_HOURS_WORKED, BONUS, LEAVE_DAYS) 
VALUES ('10010010', 'January', 2016.0, 40.0, 0.0, 0.0, 0.0);

INSERT INTO HR_PAYROLL_DETAILS (EMPLOYEE_ID, MONTH, YEAR, HOURS_WORKED, EXTRA_HOURS_WORKED, BONUS, LEAVE_DAYS) 
VALUES ('10010011', 'January', 2016.0, 40.0, 4.0, 80.0, 0.0);

INSERT INTO HR_PAYROLL_DETAILS (EMPLOYEE_ID, MONTH, YEAR, HOURS_WORKED, EXTRA_HOURS_WORKED, BONUS, LEAVE_DAYS) 
VALUES ('10010012', 'January', 2016.0, 48.0, 0.0, 0.0, 0.0);

INSERT INTO HR_PAYROLL_DETAILS (EMPLOYEE_ID, MONTH, YEAR, HOURS_WORKED, EXTRA_HOURS_WORKED, BONUS, LEAVE_DAYS) 
VALUES ('10010013', 'January', 2016.0, 40.0, 0.0, 0.0, 0.0);

INSERT INTO HR_PAYROLL_DETAILS (EMPLOYEE_ID, MONTH, YEAR, HOURS_WORKED, EXTRA_HOURS_WORKED, BONUS, LEAVE_DAYS) 
VALUES ('10010014', 'January', 2016.0, 40.0, 0.0, 0.0, 0.0);

INSERT INTO HR_PAYROLL_DETAILS (EMPLOYEE_ID, MONTH, YEAR, HOURS_WORKED, EXTRA_HOURS_WORKED, BONUS, LEAVE_DAYS) 
VALUES ('10010015', 'January', 2016.0, 40.0, 3.0, 60.0, 0.0);

INSERT INTO HR_PAYROLL_DETAILS (EMPLOYEE_ID, MONTH, YEAR, HOURS_WORKED, EXTRA_HOURS_WORKED, BONUS, LEAVE_DAYS) 
VALUES ('10010016', 'January', 2016.0, 40.0, 4.0, 80.0, 0.0);

INSERT INTO HR_PAYROLL_DETAILS (EMPLOYEE_ID, MONTH, YEAR, HOURS_WORKED, EXTRA_HOURS_WORKED, BONUS, LEAVE_DAYS) 
VALUES ('10010017', 'January', 2016.0, 40.0, 3.0, 60.0, 0.0);

INSERT INTO HR_PAYROLL_DETAILS (EMPLOYEE_ID, MONTH, YEAR, HOURS_WORKED, EXTRA_HOURS_WORKED, BONUS, LEAVE_DAYS) 
VALUES ('10010018', 'January', 2016.0, 48.0, 0.0, 0.0, 0.0);

INSERT INTO HR_PAYROLL_DETAILS (EMPLOYEE_ID, MONTH, YEAR, HOURS_WORKED, EXTRA_HOURS_WORKED, BONUS, LEAVE_DAYS) 
VALUES ('10010019', 'January', 2016.0, 40.0, 0.0, 0.0, 0.0);

INSERT INTO HR_PAYROLL_DETAILS (EMPLOYEE_ID, MONTH, YEAR, HOURS_WORKED, EXTRA_HOURS_WORKED, BONUS, LEAVE_DAYS) 
VALUES ('10010020', 'January', 2016.0, 40.0, 0.0, 0.0, 0.0);

INSERT INTO HR_PAYROLL_DETAILS (EMPLOYEE_ID, MONTH, YEAR, HOURS_WORKED, EXTRA_HOURS_WORKED, BONUS, LEAVE_DAYS) 
VALUES ('10010021', 'January', 2016.0, 48.0, 0.0, 0.0, 0.0);

INSERT INTO HR_PAYROLL_DETAILS (EMPLOYEE_ID, MONTH, YEAR, HOURS_WORKED, EXTRA_HOURS_WORKED, BONUS, LEAVE_DAYS) 
VALUES ('10010022', 'January', 2016.0, 40.0, 0.0, 0.0, 0.0);

INSERT INTO HR_PAYROLL_DETAILS (EMPLOYEE_ID, MONTH, YEAR, HOURS_WORKED, EXTRA_HOURS_WORKED, BONUS, LEAVE_DAYS) 
VALUES ('10010023', 'January', 2016.0, 40.0, 0.0, 0.0, 0.0);

INSERT INTO HR_PAYROLL_DETAILS (EMPLOYEE_ID, MONTH, YEAR, HOURS_WORKED, EXTRA_HOURS_WORKED, BONUS, LEAVE_DAYS) 
VALUES ('10010024', 'January', 2016.0, 48.0, 0.0, 0.0, 0.0);

INSERT INTO HR_PAYROLL_DETAILS (EMPLOYEE_ID, MONTH, YEAR, HOURS_WORKED, EXTRA_HOURS_WORKED, BONUS, LEAVE_DAYS) 
VALUES ('10010025', 'January', 2016.0, 40.0, 2.0, 40.0, 0.0);

INSERT INTO HR_PAYROLL_DETAILS (EMPLOYEE_ID, MONTH, YEAR, HOURS_WORKED, EXTRA_HOURS_WORKED, BONUS, LEAVE_DAYS) 
VALUES ('10010026', 'January', 2016.0, 48.0, 0.0, 0.0, 0.0);

INSERT INTO HR_PAYROLL_DETAILS (EMPLOYEE_ID, MONTH, YEAR, HOURS_WORKED, EXTRA_HOURS_WORKED, BONUS, LEAVE_DAYS) 
VALUES ('10010027', 'January', 2016.0, 40.0, 3.0, 60.0, 0.0);

INSERT INTO HR_PAYROLL_DETAILS (EMPLOYEE_ID, MONTH, YEAR, HOURS_WORKED, EXTRA_HOURS_WORKED, BONUS, LEAVE_DAYS) 
VALUES ('10010028', 'January', 2016.0, 40.0, 0.0, 0.0, 0.0);

INSERT INTO HR_PAYROLL_DETAILS (EMPLOYEE_ID, MONTH, YEAR, HOURS_WORKED, EXTRA_HOURS_WORKED, BONUS, LEAVE_DAYS) 
VALUES ('10010029', 'January', 2016.0, 40.0, 4.0, 80.0, 0.0);

--Salary Transaction History
CREATE TABLE HR_SALARY_TXN_HISTORY 
(
  TRANSACTION_ID VARCHAR2(10 BYTE) NOT NULL 
, EMPLOYEE_ID VARCHAR2(10 BYTE) NOT NULL 
, MONTH VARCHAR2(10 BYTE) NOT NULL 
, YEAR NUMBER(10, 0) NOT NULL 
, SALARY_AMOUNT NUMBER NOT NULL 
, TRANSACTION_DATE DATE NOT NULL 
, SSN VARCHAR2(15 BYTE) NOT NULL 
, REVIEW_ID VARCHAR2(10 BYTE) NOT NULL 
, CONSTRAINT HR_SALARY_TXN_HISTORY_PK PRIMARY KEY 
  (
    TRANSACTION_ID 
  ),
CONSTRAINT HR_SALARY_TXN_HISTORY_FK1 FOREIGN KEY
(
  EMPLOYEE_ID 
)
REFERENCES HR_EMPLOYEES
(
  EMPLOYEE_ID 
),
CONSTRAINT HR_SALARY_TXN_HISTORY_FK2 FOREIGN KEY
(
  REVIEW_ID 
)
REFERENCES HR_PAYROLL_REVIEW
(
  REVIEW_ID 
),
CONSTRAINT HR_SALARY_TXN_HISTORY_FK3 FOREIGN KEY
(
  SSN 
)
REFERENCES HR_EMPLOYEE_FINANCIALS
(
  SSN 
)
);

SET DEFINE OFF

INSERT INTO HR_SALARY_TXN_HISTORY (TRANSACTION_ID, EMPLOYEE_ID, MONTH, YEAR, SALARY_AMOUNT, TRANSACTION_DATE, SSN, REVIEW_ID) 
VALUES ('101010', '10010001', 'December', 2015.0, 4800.0, to_date('16-01-01', 'RRRR-MM-DD'), '1012013011', '10001');

INSERT INTO HR_SALARY_TXN_HISTORY (TRANSACTION_ID, EMPLOYEE_ID, MONTH, YEAR, SALARY_AMOUNT, TRANSACTION_DATE, SSN, REVIEW_ID) 
VALUES ('101011', '10010002', 'December', 2015.0, 2400.0, to_date('16-01-01', 'RRRR-MM-DD'), '2013014012', '10002');

INSERT INTO HR_SALARY_TXN_HISTORY (TRANSACTION_ID, EMPLOYEE_ID, MONTH, YEAR, SALARY_AMOUNT, TRANSACTION_DATE, SSN, REVIEW_ID) 
VALUES ('101012', '10010003', 'December', 2015.0, 4800.0, to_date('16-01-01', 'RRRR-MM-DD'), '3014015014', '10003');

INSERT INTO HR_SALARY_TXN_HISTORY (TRANSACTION_ID, EMPLOYEE_ID, MONTH, YEAR, SALARY_AMOUNT, TRANSACTION_DATE, SSN, REVIEW_ID) 
VALUES ('101013', '10010004', 'December', 2015.0, 2400.0, to_date('16-01-01', 'RRRR-MM-DD'), '4015016012', '10004');

INSERT INTO HR_SALARY_TXN_HISTORY (TRANSACTION_ID, EMPLOYEE_ID, MONTH, YEAR, SALARY_AMOUNT, TRANSACTION_DATE, SSN, REVIEW_ID) 
VALUES ('101014', '10010005', 'December', 2015.0, 2400.0, to_date('16-01-01', 'RRRR-MM-DD'), '5016017021', '10005');

INSERT INTO HR_SALARY_TXN_HISTORY (TRANSACTION_ID, EMPLOYEE_ID, MONTH, YEAR, SALARY_AMOUNT, TRANSACTION_DATE, SSN, REVIEW_ID) 
VALUES ('101016', '10010007', 'December', 2015.0, 2400.0, to_date('16-01-01', 'RRRR-MM-DD'), '7018019011', '10007');

INSERT INTO HR_SALARY_TXN_HISTORY (TRANSACTION_ID, EMPLOYEE_ID, MONTH, YEAR, SALARY_AMOUNT, TRANSACTION_DATE, SSN, REVIEW_ID) 
VALUES ('101017', '10010008', 'December', 2015.0, 2400.0, to_date('16-01-01', 'RRRR-MM-DD'), '8019011102', '10008');

INSERT INTO HR_SALARY_TXN_HISTORY (TRANSACTION_ID, EMPLOYEE_ID, MONTH, YEAR, SALARY_AMOUNT, TRANSACTION_DATE, SSN, REVIEW_ID) 
VALUES ('101018', '10010009', 'December', 2015.0, 3840.0, to_date('16-01-01', 'RRRR-MM-DD'), '1109018015', '10009');

INSERT INTO HR_SALARY_TXN_HISTORY (TRANSACTION_ID, EMPLOYEE_ID, MONTH, YEAR, SALARY_AMOUNT, TRANSACTION_DATE, SSN, REVIEW_ID) 
VALUES ('101019', '10010010', 'December', 2015.0, 2400.0, to_date('16-01-01', 'RRRR-MM-DD'), '8017016012', '10010');

INSERT INTO HR_SALARY_TXN_HISTORY (TRANSACTION_ID, EMPLOYEE_ID, MONTH, YEAR, SALARY_AMOUNT, TRANSACTION_DATE, SSN, REVIEW_ID) 
VALUES ('101020', '10010011', 'December', 2015.0, 2400.0, to_date('16-01-01', 'RRRR-MM-DD'), '6015014014', '10011');

INSERT INTO HR_SALARY_TXN_HISTORY (TRANSACTION_ID, EMPLOYEE_ID, MONTH, YEAR, SALARY_AMOUNT, TRANSACTION_DATE, SSN, REVIEW_ID) 
VALUES ('101021', '10010012', 'December', 2015.0, 5760.0, to_date('16-01-01', 'RRRR-MM-DD'), '4013012012', '10012');

INSERT INTO HR_SALARY_TXN_HISTORY (TRANSACTION_ID, EMPLOYEE_ID, MONTH, YEAR, SALARY_AMOUNT, TRANSACTION_DATE, SSN, REVIEW_ID) 
VALUES ('101023', '10010014', 'December', 2015.0, 2880.0, to_date('16-01-01', 'RRRR-MM-DD'), '1245643643', '10014');

INSERT INTO HR_SALARY_TXN_HISTORY (TRANSACTION_ID, EMPLOYEE_ID, MONTH, YEAR, SALARY_AMOUNT, TRANSACTION_DATE, SSN, REVIEW_ID) 
VALUES ('101024', '10010015', 'December', 2015.0, 2880.0, to_date('16-01-01', 'RRRR-MM-DD'), '125733246', '10015');

INSERT INTO HR_SALARY_TXN_HISTORY (TRANSACTION_ID, EMPLOYEE_ID, MONTH, YEAR, SALARY_AMOUNT, TRANSACTION_DATE, SSN, REVIEW_ID) 
VALUES ('101025', '10010016', 'December', 2015.0, 2400.0, to_date('16-01-01', 'RRRR-MM-DD'), '567334523', '10016');

INSERT INTO HR_SALARY_TXN_HISTORY (TRANSACTION_ID, EMPLOYEE_ID, MONTH, YEAR, SALARY_AMOUNT, TRANSACTION_DATE, SSN, REVIEW_ID) 
VALUES ('101026', '10010017', 'December', 2015.0, 2400.0, to_date('16-01-01', 'RRRR-MM-DD'), '533673465', '10017');

INSERT INTO HR_SALARY_TXN_HISTORY (TRANSACTION_ID, EMPLOYEE_ID, MONTH, YEAR, SALARY_AMOUNT, TRANSACTION_DATE, SSN, REVIEW_ID) 
VALUES ('101027', '10010018', 'December', 2015.0, 6720.0, to_date('16-01-01', 'RRRR-MM-DD'), '662356235', '10018');

INSERT INTO HR_SALARY_TXN_HISTORY (TRANSACTION_ID, EMPLOYEE_ID, MONTH, YEAR, SALARY_AMOUNT, TRANSACTION_DATE, SSN, REVIEW_ID) 
VALUES ('101028', '10010019', 'December', 2015.0, 2400.0, to_date('16-01-01', 'RRRR-MM-DD'), '523545234', '10019');

INSERT INTO HR_SALARY_TXN_HISTORY (TRANSACTION_ID, EMPLOYEE_ID, MONTH, YEAR, SALARY_AMOUNT, TRANSACTION_DATE, SSN, REVIEW_ID) 
VALUES ('101029', '10010020', 'December', 2015.0, 2400.0, to_date('16-01-01', 'RRRR-MM-DD'), '245534523', '10020');

INSERT INTO HR_SALARY_TXN_HISTORY (TRANSACTION_ID, EMPLOYEE_ID, MONTH, YEAR, SALARY_AMOUNT, TRANSACTION_DATE, SSN, REVIEW_ID) 
VALUES ('101030', '10010021', 'December', 2015.0, 6720.0, to_date('16-01-01', 'RRRR-MM-DD'), '787534567', '10021');

INSERT INTO HR_SALARY_TXN_HISTORY (TRANSACTION_ID, EMPLOYEE_ID, MONTH, YEAR, SALARY_AMOUNT, TRANSACTION_DATE, SSN, REVIEW_ID) 
VALUES ('101031', '10010022', 'December', 2015.0, 4000.0, to_date('16-01-01', 'RRRR-MM-DD'), '444234673', '10022');

INSERT INTO HR_SALARY_TXN_HISTORY (TRANSACTION_ID, EMPLOYEE_ID, MONTH, YEAR, SALARY_AMOUNT, TRANSACTION_DATE, SSN, REVIEW_ID) 
VALUES ('101032', '10010023', 'December', 2015.0, 2400.0, to_date('16-01-01', 'RRRR-MM-DD'), '837463653', '10023');

INSERT INTO HR_SALARY_TXN_HISTORY (TRANSACTION_ID, EMPLOYEE_ID, MONTH, YEAR, SALARY_AMOUNT, TRANSACTION_DATE, SSN, REVIEW_ID) 
VALUES ('101033', '10010024', 'December', 2015.0, 4608.0, to_date('16-01-01', 'RRRR-MM-DD'), '234643234', '10024');

INSERT INTO HR_SALARY_TXN_HISTORY (TRANSACTION_ID, EMPLOYEE_ID, MONTH, YEAR, SALARY_AMOUNT, TRANSACTION_DATE, SSN, REVIEW_ID) 
VALUES ('101034', '10010025', 'December', 2015.0, 2880.0, to_date('16-01-01', 'RRRR-MM-DD'), '123421244', '10025');

INSERT INTO HR_SALARY_TXN_HISTORY (TRANSACTION_ID, EMPLOYEE_ID, MONTH, YEAR, SALARY_AMOUNT, TRANSACTION_DATE, SSN, REVIEW_ID) 
VALUES ('101035', '10010026', 'December', 2015.0, 4800.0, to_date('16-01-01', 'RRRR-MM-DD'), '887563456', '10026');

INSERT INTO HR_SALARY_TXN_HISTORY (TRANSACTION_ID, EMPLOYEE_ID, MONTH, YEAR, SALARY_AMOUNT, TRANSACTION_DATE, SSN, REVIEW_ID) 
VALUES ('101036', '10010027', 'December', 2015.0, 3200.0, to_date('16-01-01', 'RRRR-MM-DD'), '574984805', '10027');

INSERT INTO HR_SALARY_TXN_HISTORY (TRANSACTION_ID, EMPLOYEE_ID, MONTH, YEAR, SALARY_AMOUNT, TRANSACTION_DATE, SSN, REVIEW_ID) 
VALUES ('101037', '10010028', 'December', 2015.0, 2400.0, to_date('16-01-01', 'RRRR-MM-DD'), '889048764', '10028');

INSERT INTO HR_SALARY_TXN_HISTORY (TRANSACTION_ID, EMPLOYEE_ID, MONTH, YEAR, SALARY_AMOUNT, TRANSACTION_DATE, SSN, REVIEW_ID) 
VALUES ('101038', '10010029', 'December', 2015.0, 2400.0, to_date('16-01-01', 'RRRR-MM-DD'), '238450567', '10029');


